-- Deterministic seed data for local workflow testing.
-- IDs are fixed so foreign key relationships are easy to inspect by hand.

begin;

truncate table response_log, bookings, compliance_legal, jobs, staff_subs, job_providers restart identity cascade;

-- Job providers represent UK labour buyers across logistics, construction, and events.
insert into job_providers (
  provider_id,
  company_name,
  trading_name,
  contact_name,
  contact_role,
  company_type,
  industry,
  phone,
  whatsapp,
  email,
  office_address,
  site_address,
  preferred_contact_method,
  charge_rate_agreement,
  payment_terms,
  deposit_required,
  credit_limit,
  payment_tier,
  risk_rating,
  client_contract_signed,
  contract_signed_date,
  non_circumvention,
  personal_guarantee,
  escrow_required,
  reliability_score
) values
  (
    '11111111-1111-1111-1111-111111111111',
    'Northgate Site Services Ltd',
    'Northgate Labour',
    'Sarah Collins',
    'Operations Manager',
    'Limited Company',
    'Construction',
    '+44 161 555 0101',
    '+44 7700 900101',
    'sarah.collins@northgatelabour.co.uk',
    'Unit 4, Albion Trade Park, Salford, M50 1BX',
    'Riverside Mill Redevelopment, Salford, M5 4WT',
    'whatsapp',
    22.50,
    '14 days EOM',
    true,
    7500.00,
    'tier_1',
    'low',
    true,
    '2026-02-10',
    true,
    false,
    false,
    92.00
  ),
  (
    '22222222-2222-2222-2222-222222222222',
    'Westbrook Logistics Group Ltd',
    'Westbrook Logistics',
    'Imran Shah',
    'Transport Coordinator',
    'Limited Company',
    'Logistics',
    '+44 121 555 0202',
    '+44 7700 900202',
    'imran.shah@westbrooklogistics.co.uk',
    'Westbrook House, Aston Expressway, Birmingham, B6 7EF',
    'Midlands Fulfilment Hub, Birmingham, B24 8HZ',
    'phone',
    19.00,
    '30 days',
    false,
    12000.00,
    'tier_2',
    'medium',
    true,
    '2026-01-18',
    true,
    false,
    false,
    85.00
  ),
  (
    '33333333-3333-3333-3333-333333333333',
    'BrightWave Events and Facilities Ltd',
    'BrightWave Staffing',
    'Holly Mercer',
    'Event Staffing Lead',
    'Limited Company',
    'Events',
    '+44 20 5550 0303',
    '+44 7700 900303',
    'holly.mercer@brightwavestaffing.co.uk',
    '44 Curtain Road, London, EC2A 3PT',
    'Docklands Expo Hall, London, E16 1XL',
    'email',
    18.75,
    '7 days',
    true,
    5000.00,
    'tier_1',
    'medium',
    true,
    '2026-03-01',
    true,
    true,
    true,
    88.00
  );

-- Workers include a mix of construction, warehouse, and event staff.
insert into staff_subs (
  worker_id,
  full_name,
  mobile,
  whatsapp,
  email,
  postcode,
  town,
  worker_type,
  status,
  available_today,
  travel_radius,
  primary_role,
  skill_tags,
  experience_years,
  right_to_work,
  dbs_status,
  cscs_status,
  contract_signed,
  min_day_rate,
  expected_rate,
  reliability_score,
  no_show_count,
  cancellation_count,
  priority_tier,
  whatsapp_opt_in
) values
  (
    'aaaaaaaa-aaaa-aaaa-aaaa-aaaaaaaaaaa1',
    'Daniel Osei',
    '+44 7700 100101',
    '+44 7700 100101',
    'daniel.osei@example.test',
    'M6 5AL',
    'Salford',
    'labourer',
    'active',
    true,
    20,
    'General Labourer',
    array['labourer', 'cscs', 'site-clean', 'manual-handling'],
    6.0,
    true,
    'clear',
    'valid',
    true,
    120.00,
    140.00,
    94.00,
    0,
    1,
    'preferred',
    true
  ),
  (
    'aaaaaaaa-aaaa-aaaa-aaaa-aaaaaaaaaaa2',
    'Marek Nowak',
    '+44 7700 100202',
    '+44 7700 100202',
    'marek.nowak@example.test',
    'M38 9QH',
    'Manchester',
    'forklift',
    'active',
    true,
    30,
    'Forklift Driver',
    array['forklift', 'warehouse', 'picking', 'manual-handling'],
    8.0,
    true,
    null,
    null,
    true,
    135.00,
    155.00,
    90.00,
    0,
    0,
    'vip',
    true
  ),
  (
    'aaaaaaaa-aaaa-4aaa-8aaa-aaaaaaaaaaa3',
    'Aisha Rahman',
    '+44 7700 100303',
    '+44 7700 100303',
    'aisha.rahman@example.test',
    'B24 8TR',
    'Birmingham',
    'warehouse-operative',
    'active',
    true,
    18,
    'Warehouse Operative',
    array['warehouse', 'packing', 'loading-bay', 'rf-scanner'],
    4.0,
    true,
    'clear',
    null,
    true,
    110.00,
    125.00,
    89.00,
    0,
    0,
    'preferred',
    true
  ),
  (
    'aaaaaaaa-aaaa-aaaa-aaaa-aaaaaaaaaaa4',
    'Lewis Grant',
    '+44 7700 100404',
    '+44 7700 100404',
    'lewis.grant@example.test',
    'E15 2PJ',
    'London',
    'event-staff',
    'active',
    true,
    15,
    'Event Steward',
    array['event-staff', 'customer-service', 'queue-management', 'manual-handling'],
    5.0,
    true,
    'clear',
    null,
    true,
    100.00,
    120.00,
    87.00,
    1,
    1,
    'standard',
    true
  ),
  (
    'aaaaaaaa-aaaa-aaaa-aaaa-aaaaaaaaaaa5',
    'Patryk Zielinski',
    '+44 7700 100505',
    '+44 7700 100505',
    'patryk.zielinski@example.test',
    'M11 2EQ',
    'Manchester',
    'labourer',
    'active',
    false,
    25,
    'Skilled Labourer',
    array['labourer', 'cscs', 'demolition', 'waste-clearance'],
    7.0,
    true,
    'clear',
    'valid',
    true,
    130.00,
    150.00,
    82.00,
    1,
    2,
    'standard',
    false
  );

-- Compliance rows separate provider and worker legal records.
insert into compliance_legal (
  id,
  provider_id,
  worker_id,
  contract_signed,
  non_circumvention,
  right_to_work_file,
  dbs_file,
  insurance_file,
  expiry_date
) values
  (
    'c1111111-1111-1111-1111-111111111111',
    '11111111-1111-1111-1111-111111111111',
    null,
    true,
    true,
    null,
    null,
    'providers/northgate-public-liability.pdf',
    '2027-02-10'
  ),
  (
    'c2222222-2222-2222-2222-222222222222',
    '22222222-2222-2222-2222-222222222222',
    null,
    true,
    true,
    null,
    null,
    'providers/westbrook-employers-liability.pdf',
    '2027-01-18'
  ),
  (
    'c3333333-3333-3333-3333-333333333333',
    '33333333-3333-3333-3333-333333333333',
    null,
    true,
    true,
    null,
    null,
    'providers/brightwave-event-insurance.pdf',
    '2026-12-31'
  ),
  (
    'd1111111-1111-1111-1111-111111111111',
    null,
    'aaaaaaaa-aaaa-aaaa-aaaa-aaaaaaaaaaa1',
    true,
    false,
    'workers/daniel-osei-right-to-work.pdf',
    'workers/daniel-osei-dbs.pdf',
    null,
    '2027-08-01'
  ),
  (
    'd2222222-2222-2222-2222-222222222222',
    null,
    'aaaaaaaa-aaaa-4aaa-8aaa-aaaaaaaaaaa3',
    true,
    false,
    'workers/aisha-rahman-right-to-work.pdf',
    'workers/aisha-rahman-dbs.pdf',
    null,
    '2027-04-30'
  ),
  (
    'd3333333-3333-3333-3333-333333333333',
    null,
    'aaaaaaaa-aaaa-aaaa-aaaa-aaaaaaaaaaa4',
    true,
    false,
    'workers/lewis-grant-right-to-work.pdf',
    'workers/lewis-grant-dbs.pdf',
    null,
    '2027-01-15'
  );

-- Jobs cover one construction shift, one warehouse shift, and one event crew booking.
insert into jobs (
  job_id,
  provider_id,
  job_title,
  job_category,
  trade_type,
  job_type,
  site_name,
  site_contact,
  site_phone,
  address,
  postcode,
  area,
  travel_radius,
  start_date,
  end_date,
  start_time,
  end_time,
  workers_required,
  skill_tags,
  certificates_required,
  dbs_required,
  worker_type,
  pay_rate,
  charge_rate,
  broadcast_status,
  broadcast_time,
  deposit_received,
  escrow_in_place,
  invoice_sent,
  payment_status,
  job_status
) values
  (
    '44444444-4444-4444-4444-444444444441',
    '11111111-1111-1111-1111-111111111111',
    'General Labourers for Strip-Out Phase',
    'Construction',
    'Labouring',
    'Day Shift',
    'Riverside Mill Redevelopment',
    'Mark Benson',
    '+44 7700 200101',
    'Riverside Mill, Ordsall Lane, Salford',
    'M5 4WT',
    'Salford',
    20,
    '2026-04-20',
    '2026-04-20',
    '07:30',
    '17:00',
    2,
    array['labourer', 'cscs', 'site-clean'],
    array['CSCS'],
    false,
    'labourer',
    145.00,
    210.00,
    'queued',
    '2026-04-16 08:00:00+00',
    true,
    false,
    false,
    'pending',
    'partially_filled'
  ),
  (
    '44444444-4444-4444-8444-444444444442',
    '22222222-2222-2222-2222-222222222222',
    'Forklift and Warehouse Cover - Early Shift',
    'Logistics',
    'Warehouse',
    'Temp Shift',
    'Midlands Fulfilment Hub',
    'Natalie Price',
    '+44 7700 200202',
    'Hub 3, Kingsbury Road, Birmingham',
    'B24 8HZ',
    'Birmingham',
    25,
    '2026-04-19',
    '2026-04-19',
    '06:00',
    '14:00',
    1,
    array['warehouse', 'forklift', 'manual-handling'],
    array['FLT'],
    false,
    'forklift',
    155.00,
    225.00,
    'completed',
    '2026-04-15 16:30:00+00',
    false,
    false,
    false,
    'pending',
    'filled'
  ),
  (
    '44444444-4444-4444-4444-444444444443',
    '33333333-3333-3333-3333-333333333333',
    'Event Crew for Trade Expo Build Day',
    'Events',
    'Event Support',
    'Day Shift',
    'Docklands Expo Hall',
    'Rita Hammond',
    '+44 7700 200303',
    'Royal Victoria Dock, London',
    'E16 1XL',
    'London',
    15,
    '2026-04-22',
    '2026-04-22',
    '08:00',
    '18:00',
    2,
    array['event-staff', 'manual-handling', 'customer-service'],
    array[]::text[],
    true,
    'event-staff',
    120.00,
    185.00,
    'broadcasting',
    '2026-04-16 09:15:00+00',
    true,
    true,
    false,
    'pending',
    'open'
  );

-- Six responses demonstrate ranking, selection, and reserves.
insert into response_log (
  response_id,
  job_id,
  worker_id,
  sent_time,
  channel,
  delivered,
  read,
  response_type,
  response_time,
  selected,
  reserve,
  created_at
) values
  (
    '55555555-5555-5555-5555-555555555551',
    '44444444-4444-4444-4444-444444444441',
    'aaaaaaaa-aaaa-aaaa-aaaa-aaaaaaaaaaa1',
    '2026-04-16 08:01:00+00',
    'whatsapp',
    true,
    true,
    'accepted',
    '2026-04-16 08:05:00+00',
    true,
    false,
    '2026-04-16 08:01:00+00'
  ),
  (
    '55555555-5555-5555-5555-555555555552',
    '44444444-4444-4444-4444-444444444441',
    'aaaaaaaa-aaaa-aaaa-aaaa-aaaaaaaaaaa5',
    '2026-04-16 08:02:00+00',
    'sms',
    true,
    true,
    'accepted',
    '2026-04-16 08:14:00+00',
    false,
    true,
    '2026-04-16 08:02:00+00'
  ),
  (
    '55555555-5555-5555-5555-555555555553',
    '44444444-4444-4444-8444-444444444442',
    'aaaaaaaa-aaaa-aaaa-aaaa-aaaaaaaaaaa2',
    '2026-04-15 16:31:00+00',
    'whatsapp',
    true,
    true,
    'accepted',
    '2026-04-15 16:34:00+00',
    true,
    false,
    '2026-04-15 16:31:00+00'
  ),
  (
    '55555555-5555-5555-5555-555555555554',
    '44444444-4444-4444-8444-444444444442',
    'aaaaaaaa-aaaa-4aaa-8aaa-aaaaaaaaaaa3',
    '2026-04-15 16:32:00+00',
    'sms',
    true,
    true,
    'declined',
    '2026-04-15 16:50:00+00',
    false,
    false,
    '2026-04-15 16:32:00+00'
  ),
  (
    '55555555-5555-5555-5555-555555555555',
    '44444444-4444-4444-4444-444444444443',
    'aaaaaaaa-aaaa-aaaa-aaaa-aaaaaaaaaaa4',
    '2026-04-16 09:16:00+00',
    'whatsapp',
    true,
    true,
    'accepted',
    '2026-04-16 09:21:00+00',
    false,
    false,
    '2026-04-16 09:16:00+00'
  ),
  (
    '55555555-5555-5555-5555-555555555556',
    '44444444-4444-4444-4444-444444444443',
    'aaaaaaaa-aaaa-aaaa-aaaa-aaaaaaaaaaa1',
    '2026-04-16 09:17:00+00',
    'ivr',
    true,
    false,
    'callback',
    '2026-04-16 09:29:00+00',
    false,
    true,
    '2026-04-16 09:17:00+00'
  );

-- Confirmed bookings should drive workers_confirmed on related jobs.
insert into bookings (
  booking_id,
  job_id,
  worker_id,
  booking_status,
  confirmed_time,
  check_in,
  check_out,
  timesheet_received,
  worker_paid,
  client_paid,
  created_at
) values
  (
    '66666666-6666-6666-6666-666666666661',
    '44444444-4444-4444-4444-444444444441',
    'aaaaaaaa-aaaa-aaaa-aaaa-aaaaaaaaaaa1',
    'confirmed',
    '2026-04-16 08:06:00+00',
    null,
    null,
    false,
    false,
    false,
    '2026-04-16 08:06:00+00'
  ),
  (
    '66666666-6666-6666-6666-666666666662',
    '44444444-4444-4444-8444-444444444442',
    'aaaaaaaa-aaaa-aaaa-aaaa-aaaaaaaaaaa2',
    'confirmed',
    '2026-04-15 16:35:00+00',
    null,
    null,
    false,
    false,
    false,
    '2026-04-15 16:35:00+00'
  );

commit;
